TAZID,CO_TAZID,DEVACRES,SA_2016
1133,351133,106.66,3
1136,351136,129.58,3
1139,351139,31.68,3
1140,351140,20.53,3
1124,351124,53.88,3
1142,351142,53.83,3
1146,351146,106.74,3
1147,351147,106.53,3
1150,351150,63.63,3
1152,351152,43.49,3
1153,351153,106.2,3
1154,351154,103.08,3
1155,351155,107.77,3
1156,351156,107.42,3
1157,351157,107.23,3
1120,351120,56.59,3
1158,351158,136.35,3
1159,351159,91.85,3
1162,351162,112.93,3
1163,351163,37.24,3
1164,351164,6.84,3
1165,351165,10.56,3
1141,351141,75.25,3
1166,351166,19.36,3
1167,351167,16.32,3
1168,351168,53.03,3
1144,351144,41.53,3
1169,351169,41.3,3
1170,351170,41.99,3
1172,351172,52.24,3
1171,351171,51.67,3
1173,351173,42.17,3
1176,351176,41.25,3
1177,351177,27.79,3
1174,351174,49.14,3
1178,351178,39.2,3
1179,351179,46.57,3
1180,351180,36.76,3
1181,351181,162.07,3
1182,351182,189.96,3
1183,351183,450.59,3
1184,351184,64.7,3
1185,351185,36.74,3
1186,351186,38.29,3
1187,351187,37.66,3
1189,351189,58.91,3
1190,351190,41.27,3
1191,351191,42.36,3
1194,351194,76.08,3
1197,351197,77.27,3
1196,351196,104.16,3
1198,351198,49.97,3
1200,351200,42.03,3
1201,351201,44.09,3
1199,351199,49.72,3
1203,351203,68.03,3
1204,351204,39.92,3
1205,351205,68.58,3
1206,351206,101.64,3
1207,351207,45.72,3
1208,351208,101.02,3
1209,351209,46.87,3
1210,351210,46.66,3
1202,351202,86.73,3
1212,351212,75.77,3
1214,351214,42.5,3
1215,351215,69.95,3
1213,351213,66.9,3
1216,351216,163.51,3
1221,351221,47.48,3
1219,351219,43.65,3
1211,351211,112.66,3
1220,351220,78.05,3
1217,351217,171.9,3
1222,351222,81.84,3
1224,351224,123.54,3
902,350902,110.72,3
1225,351225,70.02,3
1226,351226,41.31,3
1228,351228,116.86,3
1229,351229,100.49,3
1230,351230,44.66,3
1231,351231,56.11,3
1232,351232,58.39,3
1233,351233,69.87,3
1227,351227,77.83,3
1235,351235,81.58,3
1236,351236,92.18,3
1237,351237,115.97,3
1238,351238,97.92,3
1243,351243,108.28,3
932,350932,316.91,3
1245,351245,87.23,3
1239,351239,372.21,3
1247,351247,93.18,3
1234,351234,116.56,3
1251,351251,112.78,3
1248,351248,52.99,3
1249,351249,144.19,3
1250,351250,119.3,3
1254,351254,160.4,3
1255,351255,92.17,3
1257,351257,169.69,3
1252,351252,153.44,3
1253,351253,119.02,3
1242,351242,79.1,3
1260,351260,243.38,3
1265,351265,42.07,3
1266,351266,185.49,3
1269,351269,50.54,3
1263,351263,88.2,3
1270,351270,49.54,3
1271,351271,94.61,3
1273,351273,72.75,3
1272,351272,94.17,3
1274,351274,139.19,3
1276,351276,160.18,3
1267,351267,97.75,3
1277,351277,111.14,3
1278,351278,107.96,3
1279,351279,85.17,3
1275,351275,39.27,3
1280,351280,120.06,3
1281,351281,92.15,3
1283,351283,93.74,3
1284,351284,159.96,3
1285,351285,115.08,3
1298,351298,127.14,3
1299,351299,235.11,3
1297,351297,129.23,3
1300,351300,155.72,3
1288,351288,453.46,3
1301,351301,314.32,3
1302,351302,173.59,3
1291,351291,169.61,3
1303,351303,168.26,3
1305,351305,106.47,3
1293,351293,175.46,3
1308,351308,154.42,3
1309,351309,249.84,3
1310,351310,136.24,3
1312,351312,129.83,3
1313,351313,171.57,3
1311,351311,120.07,3
1314,351314,109.08,3
1315,351315,140.62,3
1316,351316,77.54,3
1318,351318,138.62,3
1319,351319,94.99,3
1320,351320,173.96,3
1323,351323,200.15,3
1325,351325,236.69,3
1289,351289,466.56,3
1326,351326,105.5,3
1327,351327,139.98,3
1328,351328,59.88,3
1329,351329,196.24,3
1322,351322,102.46,3
1330,351330,169.8,3
1261,351261,260.28,3
1335,351335,187.91,3
1262,351262,167.45,3
1337,351337,227.36,3
1338,351338,358.59,3
714,350714,216.42,4
1343,351343,220.28,4
1341,351341,882.87,4
1346,351346,590.93,4
1345,351345,680.2,4
1348,351348,197.7,4
1349,351349,518.66,4
1350,351350,268.14,4
1352,351352,590.15,2
1356,351356,417.66,2
1364,351364,234.81,2
1358,351358,395.83,2
1360,351360,637.98,2
1367,351367,419.78,2
1374,351374,330.64,2
1378,351378,210.54,2
1381,351381,168.94,2
1379,351379,162.9,2
1371,351371,269.54,2
1372,351372,79.46,2
1380,351380,155.3,2
1382,351382,169.37,2
1398,351398,450.19,2
1387,351387,66.08,2
1389,351389,431.99,2
1388,351388,452.84,2
1392,351392,255.99,2
1393,351393,427.93,2
1406,351406,250.94,2
1395,351395,343.2,2
1397,351397,238.83,2
1407,351407,223.69,2
1402,351402,509.23,2
1396,351396,287.51,2
1408,351408,199.7,2
1409,351409,150.56,2
1410,351410,126.54,2
1411,351411,467.47,2
1416,351416,306.6,2
1420,351420,450.46,4
933,350933,717.85,4
1421,351421,282.75,2
1481,351481,468.4,2
1455,351455,273.64,2
1424,351424,332.23,2
1423,351423,342.35,2
1429,351429,970.35,2
938,350938,281.08,4
1430,351430,286.9,2
1431,351431,223.95,2
1432,351432,298.57,2
1433,351433,304.82,2
1436,351436,302.25,2
1434,351434,321.01,2
1437,351437,321.95,2
1442,351442,195.83,3
1443,351443,110,2
1445,351445,288.89,2
1446,351446,165.01,3
1448,351448,115,3
931,350931,318.47,3
1451,351451,139.81,1
1452,351452,305.74,1
1449,351449,137.81,1
1453,351453,117.63,1
1454,351454,138.35,1
1428,351428,146.19,2
1456,351456,562.3,2
1486,351486,113.43,2
1458,351458,319.68,2
1460,351460,253.6,2
1459,351459,551.46,2
1462,351462,93.22,2
1466,351466,109.41,2
1464,351464,270.39,2
1438,351438,321.86,2
1468,351468,207.62,2
1471,351471,194.57,2
1469,351469,146.56,2
1474,351474,88.03,2
1476,351476,301.17,2
1473,351473,138.83,2
1477,351477,142.17,2
1475,351475,249.73,2
1478,351478,300.72,2
1483,351483,153.9,2
1484,351484,125.05,2
1457,351457,449.88,2
1487,351487,214.84,2
1489,351489,324.85,2
1485,351485,434.81,2
1491,351491,294.85,2
1496,351496,158.75,2
1490,351490,147.01,2
1488,351488,165.29,2
1494,351494,59.9,2
1497,351497,155.4,2
1502,351502,170.56,2
1495,351495,165.16,2
1467,351467,210.6,2
1480,351480,253.15,1
1513,351513,201.55,1
1509,351509,225.09,2
1514,351514,244.7,1
1519,351519,82.1,2
1518,351518,255,2
1517,351517,139.6,2
1520,351520,28.61,2
1521,351521,65.11,2
1522,351522,103.09,2
1523,351523,58.19,2
1524,351524,54.63,2
1525,351525,89.29,2
1526,351526,59.69,2
1527,351527,42.1,2
1528,351528,107.62,2
1529,351529,88.75,2
1530,351530,49.14,2
1531,351531,127.63,2
1532,351532,129.4,2
1533,351533,79.44,2
1534,351534,155.75,2
1492,351492,153.84,2
1498,351498,258.78,2
1536,351536,155.08,2
1537,351537,174.81,2
1539,351539,88.8,2
1541,351541,147.69,2
1540,351540,67.93,2
1535,351535,384.33,2
1542,351542,181.38,2
1538,351538,151.09,2
1543,351543,122.46,2
1547,351547,130,2
1548,351548,133.21,2
1545,351545,394.75,2
1546,351546,390.44,2
1549,351549,191.28,2
1554,351554,182.88,2
1556,351556,165.21,2
1553,351553,219.01,2
1557,351557,429.7,2
1559,351559,178.73,2
1516,351516,99.91,1
1560,351560,87.74,2
1510,351510,179.77,2
1562,351562,106.43,2
1563,351563,346.66,2
1565,351565,564.21,2
1566,351566,311.28,2
1568,351568,217.27,2
1571,351571,344.35,2
1572,351572,319.13,2
1573,351573,335.56,2
1574,351574,326.85,1
1564,351564,190.2,2
1576,351576,121.22,1
1578,351578,184.72,1
1581,351581,170.09,2
1579,351579,182.8,2
1580,351580,150.96,2
1583,351583,281.85,2
1585,351585,198.84,2
1590,351590,186.77,2
1591,351591,304.06,2
1594,351594,272.73,2
1595,351595,260.15,2
1593,351593,239.77,2
1596,351596,476.09,2
1575,351575,261.64,1
1597,351597,366.36,1
1599,351599,321.63,1
1600,351600,461.49,1
1605,351605,333.38,2
1582,351582,227.22,2
1609,351609,225.56,2
1607,351607,345.51,2
1610,351610,274.56,2
1606,351606,385.14,2
1588,351588,109.92,2
1611,351611,269.77,2
1612,351612,214.57,2
1613,351613,229.52,2
1619,351619,315.63,2
1620,351620,154.47,2
1615,351615,244.63,2
1622,351622,334.7,2
1621,351621,216.46,2
1623,351623,204.63,2
1624,351624,408.33,2
1626,351626,390.73,2
1608,351608,779.96,2
1627,351627,431.96,2
1628,351628,312.57,2
1631,351631,713.59,2
1246,351246,202.72,3
1632,351632,97.61,3
1634,351634,82.62,1
1256,351256,198.89,3
1638,351638,201.16,1
1633,351633,111.51,3
1641,351641,131.02,1
1642,351642,89.79,1
1644,351644,118.87,1
1645,351645,74.57,1
1643,351643,148.21,1
1646,351646,100.05,1
1647,351647,124.6,1
1648,351648,272.84,1
1259,351259,283.91,3
1649,351649,76.77,1
1651,351651,170.17,1
1653,351653,169.68,1
1652,351652,284.4,1
1654,351654,107.28,1
1655,351655,217.93,1
1656,351656,297.33,1
1658,351658,249.75,1
1659,351659,380.23,1
1661,351661,254.59,1
1662,351662,190.45,1
1667,351667,312.84,1
1479,351479,151.05,1
1669,351669,100.33,1
1670,351670,69.41,1
1671,351671,147.77,1
1673,351673,133.81,1
1674,351674,132.81,1
1676,351676,96.71,1
1675,351675,159.5,1
1672,351672,86.2,1
1677,351677,141.46,1
1678,351678,121.6,1
1683,351683,351.9,1
1682,351682,150.71,1
1686,351686,246.95,1
1687,351687,125.72,1
1691,351691,69.04,1
1690,351690,99.86,1
1692,351692,108.33,1
1697,351697,154.46,1
1698,351698,113.77,1
1699,351699,141.54,1
1700,351700,191.17,1
1701,351701,456.42,1
1668,351668,250.94,1
1702,351702,418.6,1
1703,351703,156.92,1
1515,351515,57.55,1
1704,351704,100.64,1
1706,351706,82.06,1
1707,351707,76.78,1
1709,351709,115.47,1
1710,351710,69.09,1
1713,351713,117.62,1
1712,351712,80.54,1
1715,351715,331.37,1
1717,351717,164.51,1
1716,351716,145.38,1
1718,351718,157.3,1
1721,351721,290.65,1
1719,351719,131.76,1
1722,351722,430.38,1
1725,351725,117.36,1
1726,351726,126.01,1
1727,351727,114.43,1
1730,351730,149.29,1
1731,351731,241.42,1
1734,351734,135.08,1
1737,351737,160.18,1
1740,351740,156.54,1
1741,351741,239.19,1
1743,351743,313.9,1
1744,351744,403.44,1
1745,351745,452.48,1
1746,351746,653.38,1
1747,351747,163.52,1
1748,351748,96.54,1
1729,351729,230.66,1
1750,351750,223.53,1
1751,351751,326.45,1
1749,351749,79.97,1
1752,351752,260.05,1
1754,351754,111.17,1
1755,351755,306.66,1
1757,351757,29.19,1
1760,351760,236.14,1
1761,351761,351.31,1
1763,351763,397.68,1
1765,351765,43.4,1
1764,351764,242.47,1
1768,351768,276.46,1
1774,351774,461.07,1
1769,351769,108.25,1
1759,351759,363.48,1
1771,351771,248.66,1
1762,351762,262.65,1
1772,351772,322.37,1
1770,351770,449.96,1
1766,351766,256.97,1
1778,351778,243.83,1
1779,351779,76.01,1
1780,351780,121.51,1
1773,351773,83.5,1
1793,491793,690.18,0
1797,491797,227.05,0
1794,491794,385.67,0
1809,491809,651.59,0
1803,491803,612.29,0
1805,491805,207.13,0
1808,491808,708.62,0
1799,491799,604.1,0
1806,491806,3336.95,0
1822,491822,413.13,0
1823,491823,241.34,0
1831,491831,212.17,0
1813,491813,651.37,0
1834,491834,669.17,0
1817,491817,235.91,0
1839,491839,1276.16,0
1842,491842,275.18,0
1853,491853,438,0
1857,491857,153.74,0
1865,491865,192.74,0
1866,491866,97.45,0
1867,491867,170.39,0
1828,491828,161.1,0
1869,491869,90.15,0
1868,491868,204.21,0
1876,491876,182.12,0
1877,491877,195.66,0
1878,491878,166.98,0
1879,491879,205.47,0
1880,491880,107.2,0
1881,491881,224.45,0
1882,491882,278.74,0
1885,491885,184.8,0
1888,491888,256.08,0
1893,491893,373.42,0
1897,491897,86.85,0
1898,491898,845.4,0
1900,491900,159.57,0
1901,491901,129.88,0
1902,491902,127.97,0
1899,491899,496.77,0
1906,491906,1093.76,0
1903,491903,378.16,0
1904,491904,84.62,0
1905,491905,185.87,0
1910,491910,137.03,0
1921,491921,183.25,0
1918,491918,361.69,0
1922,491922,239.85,0
1923,491923,300.48,0
1924,491924,166.45,0
1925,491925,153.11,0
1926,491926,144.79,0
1927,491927,979.03,0
1928,491928,223.4,0
1929,491929,242.17,0
1932,491932,228.58,0
1934,491934,284.06,0
1937,491937,293.11,0
1939,491939,279.36,0
1940,491940,159.86,0
1938,491938,238.7,0
1941,491941,207.07,0
1942,491942,446.69,0
1945,491945,164.19,0
1943,491943,384.58,0
1944,491944,425.11,0
1946,491946,318.68,0
1947,491947,158.37,0
1948,491948,330.52,0
1949,491949,143.76,0
1951,491951,167.11,0
1952,491952,146.98,0
1953,491953,261.23,0
1954,491954,80.54,0
1956,491956,163.19,0
1962,491962,200.1,0
1963,491963,230.32,0
1964,491964,90.76,0
1965,491965,201.58,0
1967,491967,89.16,0
1966,491966,108.9,0
1968,491968,70.43,0
1971,491971,112.63,0
1972,491972,135.91,0
1973,491973,178.64,0
1978,491978,120.42,0
1979,491979,231.02,0
1981,491981,275.17,0
1980,491980,79.63,0
1983,491983,151.42,0
1984,491984,126.21,0
1987,491987,105.8,0
1982,491982,343.55,0
1989,491989,197.39,0
1908,491908,678.38,0
1991,491991,776.84,0
1993,491993,122.27,0
1996,491996,259.74,0
1994,491994,81.85,0
1995,491995,78.97,0
1997,491997,362.08,0
1998,491998,188.52,0
1999,491999,188.17,0
2001,492001,335.97,0
2000,492000,145.41,0
2002,492002,121.31,0
2003,492003,157.13,0
2004,492004,264.18,0
2005,492005,217.41,0
2006,492006,156.21,0
2007,492007,251.68,0
2008,492008,127.39,0
2009,492009,166.57,0
2010,492010,215.59,0
2012,492012,861.2,0
1630,351630,665.42,2
2014,492014,165.04,0
2015,492015,241.27,0
2016,492016,184,0
2017,492017,164.94,0
2018,492018,215.21,0
2020,492020,251.23,0
2024,492024,81.35,0
2023,492023,91.08,0
2025,492025,168.91,0
2027,492027,195.32,0
2028,492028,367.55,0
2030,492030,159.39,0
2029,492029,173.6,0
2033,492033,83.12,0
2035,492035,40.03,0
2034,492034,167.99,0
2036,492036,91.48,0
2037,492037,85.2,0
2032,492032,193.41,0
2038,492038,118.91,0
2039,492039,102.81,0
2040,492040,90.42,0
2041,492041,163.17,0
2042,492042,113.95,0
2043,492043,99.79,0
2026,492026,170.31,0
2045,492045,87.18,0
2046,492046,111.47,0
2048,492048,171.23,0
2049,492049,373,0
2051,492051,125.04,0
2052,492052,168.96,0
2053,492053,205.5,0
2055,492055,132.45,0
2060,492060,144.63,0
2061,492061,163.5,0
2062,492062,316.11,0
2063,492063,151.03,0
2065,492065,167.43,0
2066,492066,235.31,0
2050,492050,267.22,0
2067,492067,168.51,0
2068,492068,160.22,0
2064,492064,203.98,0
2069,492069,154.02,0
2070,492070,193.27,0
2071,492071,160.94,0
2072,492072,206.49,0
2074,492074,164.19,0
2075,492075,81.13,0
2076,492076,86.32,0
2077,492077,112.75,0
2073,492073,111.79,0
2080,492080,186.6,0
2079,492079,368.15,0
2081,492081,109.67,0
2082,492082,103.32,0
2078,492078,90.36,0
2083,492083,492.8,0
2084,492084,147.4,0
2086,492086,77.98,0
2087,492087,88.51,0
2085,492085,122.97,0
2095,492095,52.56,0
2088,492088,59.02,0
2090,492090,95.35,0
2054,492054,259.56,0
2091,492091,69.56,0
2092,492092,114.74,0
2093,492093,31.15,0
2094,492094,125.78,0
2056,492056,148.05,0
2096,492096,118.71,0
2097,492097,27.18,0
2100,492100,22.27,0
2101,492101,310.73,0
2102,492102,29.37,0
2104,492104,181.52,0
2105,492105,219.67,0
2108,492108,167,0
2109,492109,70.17,0
2113,492113,110.32,0
2114,492114,333.06,0
2111,492111,95.69,0
2115,492115,102.61,0
2116,492116,195.42,0
2118,492118,279.98,0
2123,492123,596.04,0
2127,492127,382.78,0
2134,492134,175.66,0
2136,492136,195.84,0
2137,492137,201.69,0
2126,492126,130.56,0
2139,492139,313.89,0
2142,492142,169.78,0
2146,492146,306.47,0
2147,492147,267.07,0
2148,492148,161.04,0
2143,492143,263.72,0
2155,492155,308.07,0
2156,492156,195.44,0
2138,492138,141.45,0
2159,492159,135.92,0
2160,492160,195.34,0
2162,492162,249.91,0
2163,492163,402.37,0
2164,492164,418.77,0
2154,492154,303.01,0
2169,492169,195.34,0
2168,492168,240.42,0
2170,492170,328.33,0
2165,492165,391.06,0
2058,492058,141.3,0
2171,492171,196.54,0
2167,492167,183.97,0
2174,492174,96.06,0
2175,492175,99.65,0
2176,492176,273.18,0
2173,492173,133.7,0
2177,492177,43.38,0
2178,492178,74.83,0
2179,492179,147.87,0
2181,492181,150.77,0
2182,492182,39.77,0
2186,492186,181.22,0
2188,492188,81.17,0
2187,492187,125.29,0
2172,492172,152.57,0
2189,492189,66.94,0
2190,492190,184.13,0
2193,492193,298.04,0
2180,492180,63.58,0
2194,492194,470.94,0
2197,492197,111.57,0
2200,492200,145.4,0
2198,492198,55.73,0
2201,492201,254.71,0
2203,492203,261.34,0
2202,492202,366.35,0
2204,492204,202.43,0
2206,492206,196.3,0
2212,492212,201.03,0
2219,492219,39.91,0
2216,492216,152.54,0
2213,492213,260.15,0
2220,492220,71.19,0
2221,492221,195.51,0
2222,492222,305.35,0
2223,492223,264.96,0
2225,492225,313.82,0
2226,492226,219.29,0
2227,492227,71.79,0
2232,492232,95.28,0
2234,492234,119.18,0
2235,492235,60.71,0
2236,492236,107.24,0
2239,492239,181.26,0
2241,492241,108.13,0
2244,492244,291.38,0
2242,492242,172.24,0
2243,492243,164.59,0
2246,492246,408.11,0
2250,492250,200.12,0
2247,492247,213.65,0
2261,492261,157.63,0
2252,492252,95.31,0
2262,492262,124.19,0
2264,492264,107.56,0
2269,492269,54.3,0
2270,492270,60.96,0
2267,492267,130.44,0
2272,492272,144.94,0
2268,492268,210.57,0
2273,492273,133.89,0
2275,492275,30.04,0
2274,492274,162.17,0
2276,492276,146.13,0
2271,492271,141.84,0
2266,492266,140.84,0
2277,492277,156.34,0
2278,492278,409.57,0
2279,492279,142.16,0
2280,492280,140.4,0
2281,492281,226.09,0
2282,492282,127.29,0
2283,492283,306.35,0
2284,492284,178.34,0
2289,492289,151.24,0
2286,492286,80.47,0
2285,492285,162.82,0
2288,492288,162.17,0
2287,492287,53.42,0
2290,492290,181.17,0
2296,492296,161.69,0
2295,492295,184.12,0
2292,492292,187.42,0
2293,492293,169.54,0
2291,492291,200.51,0
2294,492294,95.48,0
2297,492297,149.11,0
2298,492298,81.67,0
2301,492301,190.44,0
2230,492230,347.11,0
2302,492302,171.8,0
2300,492300,230.89,0
2303,492303,149.47,0
2299,492299,236.21,0
2305,492305,123.94,0
2306,492306,164.4,0
2310,492310,164.11,0
2312,492312,162.22,0
2313,492313,79.36,0
2309,492309,70.2,0
2314,492314,57.12,0
2316,492316,167.25,0
2317,492317,182.6,0
2318,492318,182.13,0
2319,492319,160.27,0
2320,492320,155.19,0
2321,492321,44.99,0
2332,492332,129.6,0
2324,492324,166.43,0
2325,492325,90.09,0
2328,492328,96.86,0
2329,492329,42.98,0
2330,492330,37.46,0
2327,492327,160.32,0
2331,492331,39.33,0
2335,492335,76.33,0
2336,492336,160.96,0
2337,492337,137.46,0
2338,492338,127.91,0
2339,492339,91.81,0
2340,492340,298.41,0
2341,492341,142.23,0
2342,492342,29.47,0
2343,492343,26.79,0
2344,492344,52.56,0
2346,492346,157.37,0
2347,492347,99.56,0
2345,492345,255.47,0
2348,492348,131.25,0
2350,492350,86.59,0
2352,492352,106.07,0
2355,492355,52.09,0
2356,492356,267.98,0
2353,492353,53.16,0
2308,492308,377.16,0
2357,492357,262.5,0
2358,492358,90.05,0
2359,492359,253.93,0
2360,492360,64.62,0
2362,492362,209.41,0
2363,492363,331.57,0
2364,492364,67.09,0
2361,492361,215.97,0
2365,492365,228.13,0
2367,492367,156.75,0
2368,492368,304.32,0
2370,492370,92.04,0
2369,492369,91.25,0
2371,492371,96.96,0
2372,492372,66.86,0
2374,492374,55.19,0
2349,492349,121.5,0
2375,492375,60.96,0
2373,492373,53.63,0
2376,492376,87.76,0
2378,492378,77.74,0
2379,492379,165.23,0
2377,492377,46.35,0
2382,492382,29.91,0
2383,492383,36.25,0
2380,492380,124.58,0
2384,492384,337.87,0
2387,492387,64.03,0
2388,492388,53.88,0
2389,492389,36.32,0
2385,492385,215.47,0
2390,492390,75.11,0
2391,492391,113.4,0
2393,492393,47.4,0
2394,492394,31.13,0
2395,492395,66.52,0
2392,492392,64.36,0
2396,492396,22.32,0
2397,492397,21.79,0
2399,492399,29.88,0
2400,492400,178.08,0
2401,492401,163.01,0
2402,492402,147.71,0
2405,492405,142.46,0
2406,492406,66.73,0
2404,492404,136.83,0
2409,492409,132.59,0
2410,492410,87.38,0
2411,492411,50.39,0
2415,492415,157.02,0
2416,492416,64.71,0
2417,492417,48.56,0
2413,492413,32.08,0
2418,492418,32.63,0
2419,492419,44.25,0
2421,492421,22.4,0
2422,492422,243.6,0
2423,492423,307.71,0
2426,492426,201.71,0
2427,492427,84.31,0
2425,492425,217.31,0
2428,492428,169.61,0
2429,492429,40.69,0
2430,492430,207.87,0
2424,492424,428.29,0
2433,492433,303.05,0
2434,492434,190.54,0
2439,492439,285.55,0
2441,492441,179.58,0
2436,492436,142.16,0
2437,492437,120.95,0
2447,492447,96.93,0
2448,492448,65.8,0
2450,492450,33.25,0
2451,492451,63.93,0
2456,492456,31.54,0
2453,492453,34.56,0
2452,492452,48.34,0
2457,492457,55.79,0
2454,492454,74.5,0
2445,492445,253.19,0
2446,492446,117.15,0
2458,492458,62.24,0
2460,492460,33.13,0
2461,492461,32.46,0
2462,492462,48.39,0
2463,492463,71.87,0
2465,492465,60.25,0
2466,492466,22.01,0
2470,492470,148.69,0
2467,492467,129.08,0
2471,492471,109.16,0
2472,492472,204.07,0
2473,492473,157.77,0
2478,492478,95.75,0
2474,492474,115.17,0
2480,492480,223.29,0
2482,492482,212.7,0
2483,492483,355.64,0
2486,492486,185.34,0
2487,492487,95.34,0
2485,492485,190.52,0
2503,492503,127.87,0
2488,492488,197.49,0
2489,492489,155.54,0
2491,492491,120.51,0
2492,492492,163.93,0
2494,492494,162.67,0
2633,492633,132.7,0
2495,492495,122.25,0
2496,492496,124.52,0
2497,492497,129.62,0
2484,492484,198.71,0
2499,492499,121.66,0
2636,492636,174.21,0
2513,492513,163.38,0
2514,492514,160.93,0
2517,492517,119.17,0
2515,492515,174.55,0
2519,492519,258.08,0
2518,492518,224.3,0
2521,492521,241.18,0
2525,492525,71.91,0
2526,492526,98.79,0
2527,492527,98.95,0
2528,492528,171.3,0
2530,492530,211.2,0
2532,492532,85.68,0
2531,492531,68.55,0
2536,492536,74.09,0
2539,492539,375.24,0
2533,492533,165.48,0
2540,492540,98.03,0
2542,492542,254.55,0
2546,492546,217.8,0
2547,492547,107.43,0
2541,492541,266.57,0
2548,492548,181.58,0
2549,492549,645.52,0
2568,492568,140.2,0
2551,492551,110.59,0
2553,492553,571.87,0
2522,492522,228.66,0
2556,492556,171.07,0
2523,492523,172.4,0
2557,492557,275.78,0
2559,492559,106.38,0
2560,492560,82.44,0
2558,492558,51.58,0
2561,492561,169.65,0
2563,492563,146.29,0
2564,492564,195.33,0
2565,492565,177.85,0
2562,492562,137.35,0
2566,492566,213.77,0
2567,492567,145.43,0
2577,492577,76.29,0
2569,492569,171.5,0
2570,492570,220.83,0
2571,492571,187.19,0
2572,492572,144.62,0
2573,492573,269.32,0
2575,492575,300.53,0
2576,492576,152.44,0
2581,492581,118.65,0
2583,492583,129.77,0
2584,492584,184.86,0
2585,492585,207.04,0
2586,492586,381.78,0
2589,492589,396.81,0
2738,492738,119.76,0
2590,492590,382.11,0
2588,492588,134.22,0
2592,492592,86.53,0
2594,492594,38.84,0
2593,492593,43.52,0
2595,492595,84.64,0
2596,492596,85.54,0
2597,492597,40.88,0
2599,492599,84.85,0
2598,492598,85.57,0
2580,492580,223.95,0
2600,492600,85.52,0
2587,492587,125.93,0
2601,492601,65.41,0
2602,492602,70.02,0
2603,492603,90.16,0
2604,492604,171.99,0
2606,492606,101.23,0
2608,492608,103.82,0
2612,492612,145.38,0
2609,492609,139.65,0
2607,492607,67.22,0
2610,492610,69.71,0
2613,492613,116.28,0
2614,492614,87.43,0
2611,492611,61.65,0
2615,492615,79.64,0
2616,492616,147.98,0
2617,492617,155.05,0
2623,492623,136.36,0
2618,492618,152.74,0
2624,492624,198.52,0
2620,492620,147.88,0
2621,492621,133.68,0
2622,492622,101.68,0
2625,492625,221.09,0
2629,492629,1302.45,0
2635,492635,208.84,0
2637,492637,207.76,0
2654,492654,322.81,0
2639,492639,378.6,0
2640,492640,166.91,0
2644,492644,145.12,0
2652,492652,242.97,0
2649,492649,296.17,0
2650,492650,176.35,0
2642,492642,221.51,0
2656,492656,370.01,0
2659,492659,168.28,0
2657,492657,238.46,0
2658,492658,169.2,0
2660,492660,137.23,0
2661,492661,208.65,0
2662,492662,67.36,0
2663,492663,143.6,0
2669,492669,662.81,0
2672,492672,1416.84,0
2686,492686,131.88,0
2684,492684,175.37,0
2685,492685,228.09,0
2683,492683,508.42,0
2687,492687,150.27,0
2689,492689,117.16,0
2690,492690,298.05,0
2705,492705,135.95,0
2703,492703,441.8,0
2707,492707,287.38,0
2710,492710,285.34,0
2711,492711,185.18,0
2714,492714,99.36,0
2713,492713,119.08,0
2712,492712,180.82,0
2715,492715,233.65,0
2709,492709,1620.19,0
2717,492717,402.84,0
2720,492720,832.29,0
2721,492721,261.38,0
2723,492723,226.53,0
2688,492688,247.76,0
2724,492724,204.88,0
2725,492725,90.68,0
2726,492726,113.08,0
2727,492727,473.68,0
2730,492730,196.39,0
2735,492735,145.1,0
2734,492734,136.57,0
2736,492736,294.44,0
2737,492737,121.97,0
2746,492746,295.73,0
2741,492741,235.55,0
2745,492745,181.71,0
2744,492744,191.6,0
2740,492740,232.91,0
2749,492749,153.36,0
2752,492752,319.05,0
2750,492750,94.66,0
2751,492751,122.14,0
2762,492762,158.91,0
2763,492763,134.18,0
2764,492764,176.78,0
2766,492766,463.58,0
2767,492767,177.28,0
2769,492769,857.77,0
2777,492777,211.92,0
2776,492776,110.18,0
2772,492772,175.55,0
2771,492771,231.99,0
2774,492774,97.41,0
2775,492775,82.12,0
2779,492779,78.95,0
2778,492778,84.09,0
2781,492781,66.68,0
2782,492782,131.04,0
2783,492783,154.7,0
2784,492784,198.24,0
2786,492786,185.51,0
2787,492787,228.75,0
2790,492790,147.97,0
2788,492788,212.12,0
2789,492789,178.81,0
2793,492793,224.5,0
2791,492791,226.61,0
2792,492792,252.54,0
2794,492794,182.46,0
2780,492780,115.94,0
2795,492795,114.61,0
2798,492798,149.99,0
2797,492797,163.35,0
2796,492796,64.58,0
2800,492800,124.94,0
2802,492802,72.44,0
2804,492804,88.69,0
2801,492801,124.78,0
2805,492805,118.77,0
2807,492807,147.14,0
2810,492810,200.65,0
2812,492812,224.82,0
2811,492811,598.59,0
2813,492813,211.05,0
2809,492809,211.9,0
2815,492815,88.86,0
2816,492816,206.24,0
2821,492821,122.15,0
2822,492822,149.61,0
2823,492823,323.59,0
2825,492825,583.92,0
2826,492826,177.25,0
2827,492827,86.06,0
2828,492828,157.95,0
2829,492829,117.59,0
2832,492832,100.76,0
2833,492833,153.72,0
2830,492830,248.29,0
2835,492835,241.06,0
2843,492843,340.26,0
2845,492845,140.33,0
2844,492844,224.43,0
2817,492817,155.12,0
2847,492847,95.82,0
2846,492846,188.56,0
2819,492819,106.83,0
2849,492849,258.84,0
2850,492850,189.24,0
2848,492848,128.54,0
2851,492851,98.08,0
2853,492853,1465.06,0
2855,492855,2134.88,0
2841,492841,274.18,0
2858,492858,698.04,0
2861,492861,3677.77,0
2864,492864,2386.32,0
2866,492866,4012.08,0
2868,492868,484.52,0
2867,492867,432.37,0
2870,492870,0,0
2245,492245,302.32,0
2871,492871,0,0
1777,351777,794.53,1
2873,492873,0,0
2120,492120,731.58,0
154,570154,786.24,9
587,110587,284.75,5
583,110583,210.19,5
693,350693,497.61,4
1351,351351,1911.34,2
1077,351077,621.09,3
1287,351287,305.51,3
2865,492865,10193.91,0
628,110628,134.17,5
1195,351195,89.95,3
1193,351193,74.56,3
1693,351693,129.36,1
2351,492351,95.87,0
2442,492442,164,0
2443,492443,71.37,0
1870,491870,150,0
356,570356,79.85,8
1955,491955,166.39,0
2125,492125,339.48,0
2124,492124,186.93,0
2231,492231,129.2,0
2185,492185,82.79,0
2311,492311,163.86,0
2754,492754,172.52,0
128,30128,484.12,10
175,570175,391.26,9
625,110625,117.62,5
1401,351401,1922.93,2
1841,491841,571.31,0
3,30003,470.79,10
34,30034,113.05,10
81,30081,113.8,10
82,30082,53.09,10
83,30083,244.48,10
87,30087,205.87,10
160,570160,249.96,9
162,570162,709.6,9
173,570173,1256.06,9
190,570190,163.82,9
202,570202,135.71,9
203,570203,403.77,9
205,570205,165.75,9
214,570214,494.79,8
307,570307,167.99,8
230,570230,111,8
237,570237,305.5,9
242,570242,290.47,9
246,570246,317.96,9
277,570277,309.1,9
258,570258,392.34,9
273,570273,318.87,9
274,570274,439.03,7
282,570282,266.52,7
279,570279,368.16,9
288,570288,322.27,7
300,570300,131.48,7
345,570345,126.78,8
358,570358,79.7,8
383,570383,310.64,8
398,570398,73.71,8
408,570408,106.84,8
409,570409,398.44,8
430,110430,643.86,7
432,110432,321.33,7
434,110434,322.96,7
468,110468,1356.25,7
465,110465,317.6,7
472,110472,226.04,7
471,110471,267.2,7
484,110484,754.27,6
564,110564,453.01,6
569,110569,385.02,6
579,110579,216.48,5
600,110600,404.95,5
632,110632,293.88,5
739,350739,468.92,4
676,350676,264.53,4
685,350685,240.65,4
684,350684,310.2,4
700,350700,197.78,4
717,350717,89.05,4
704,350704,159.49,4
705,350705,321.88,4
711,350711,321.14,4
716,350716,540.34,4
718,350718,187.97,4
1125,351125,53.68,3
1145,351145,107.09,3
1126,351126,107.68,3
723,350723,316.12,4
726,350726,387.27,4
746,350746,376.97,4
784,350784,236.09,4
789,350789,204.11,4
808,350808,175.47,4
799,350799,275.29,4
811,350811,88.16,4
854,350854,125.19,4
899,350899,449.77,4
935,350935,439.91,4
909,350909,164,4
910,350910,168.19,4
913,350913,170.92,4
928,350928,149.62,3
926,350926,373.14,4
937,350937,291.06,4
1026,351026,208.37,3
1046,351046,59.03,3
1049,351049,47.24,3
1050,351050,46.81,3
1047,351047,86.02,3
1113,351113,72.4,3
1116,351116,343.19,3
1121,351121,87.54,3
1134,351134,104.22,3
1137,351137,88.33,3
1138,351138,52.69,3
1143,351143,53.39,3
1160,351160,40.88,3
1286,351286,470.94,3
1268,351268,57.67,3
1218,351218,166.59,3
1223,351223,163.09,3
1290,351290,173.99,3
1307,351307,167.76,3
1317,351317,158.21,3
1321,351321,113.75,3
1332,351332,172.95,3
1333,351333,152.88,3
1391,351391,708.27,2
1400,351400,495.2,2
1426,351426,394.93,2
1461,351461,130.9,2
1441,351441,308.66,4
1450,351450,123.33,1
1463,351463,320.62,2
1465,351465,51.78,2
1493,351493,110.37,2
1470,351470,135.51,2
1472,351472,137.48,2
1482,351482,310.43,2
1501,351501,159.75,2
1503,351503,161.28,2
1507,351507,236.92,2
1504,351504,161.72,2
1506,351506,241.07,2
1508,351508,163.51,2
1512,351512,276.8,2
1544,351544,135.7,2
1567,351567,249.92,2
1577,351577,155.4,1
1586,351586,194.33,2
1587,351587,186.84,2
1584,351584,259.23,2
1592,351592,317.39,2
1616,351616,343.2,2
1602,351602,319.28,1
1603,351603,229.73,2
1604,351604,492.63,1
1617,351617,240.48,2
1639,351639,217.06,1
1640,351640,112.66,1
1650,351650,118.17,1
1684,351684,217.5,1
1685,351685,149.49,1
1688,351688,682.07,1
1720,351720,315.84,1
1708,351708,165.38,1
1711,351711,167.28,1
1724,351724,350.39,1
1728,351728,91.91,1
1732,351732,297.8,1
1733,351733,178.68,1
1735,351735,197.81,1
1756,351756,178.44,1
1758,351758,428.26,1
1767,351767,253.9,1
1907,491907,336.15,0
1930,491930,346.86,0
1933,491933,237.76,0
2044,492044,85.85,0
2047,492047,171.93,0
2098,492098,64.38,0
2110,492110,101.93,0
2122,492122,529.02,0
2128,492128,990.16,0
2135,492135,246.94,0
2140,492140,244.03,0
2141,492141,243.51,0
2144,492144,297.99,0
2145,492145,344.13,0
2149,492149,294.81,0
2183,492183,238.82,0
2184,492184,213.76,0
2196,492196,281.76,0
2210,492210,285.33,0
2209,492209,169.17,0
2240,492240,91.33,0
2238,492238,48.7,0
2265,492265,103.41,0
2315,492315,124.89,0
2366,492366,352.66,0
2381,492381,184.97,0
2398,492398,32.35,0
2403,492403,246.22,0
2407,492407,78.53,0
2408,492408,50.32,0
2412,492412,48.24,0
2420,492420,33.26,0
2431,492431,183.29,0
2435,492435,149.03,0
2440,492440,149.99,0
2444,492444,162.4,0
2449,492449,49.45,0
2455,492455,48.16,0
2459,492459,63.19,0
2481,492481,123.23,0
2520,492520,130.74,0
2529,492529,164.06,0
2535,492535,243.29,0
2534,492534,109.03,0
2538,492538,159.01,0
2578,492578,114.94,0
2579,492579,109.47,0
2591,492591,251.24,0
2742,492742,368.7,0
2638,492638,179.86,0
2641,492641,208.81,0
2643,492643,108.25,0
2680,492680,255.26,0
2679,492679,733.67,0
2681,492681,166.9,0
2706,492706,265.5,0
2691,492691,143.45,0
2708,492708,165.04,0
2729,492729,322.41,0
2747,492747,253.48,0
2755,492755,167.53,0
2759,492759,192.56,0
2756,492756,290.25,0
2785,492785,305.93,0
2803,492803,98.51,0
2808,492808,126.6,0
2806,492806,164.22,0
2814,492814,155.6,0
2818,492818,209.08,0
2820,492820,127.66,0
2218,492218,314.39,0
2468,492468,93.77,0
1119,351119,110.72,3
420,570420,399.18,8
188,570188,411.97,9
231,570231,238.29,8
96,30096,151.3,10
99,30099,195.1,10
100,30100,98.77,10
101,30101,196.11,10
102,30102,55.08,10
103,30103,95.61,10
104,30104,89.62,10
129,30129,172.18,10
157,570157,976.24,9
142,570142,6238.95,9
267,570267,878.83,7
177,570177,562.47,9
195,570195,302.99,9
178,570178,681.95,9
192,570192,368.83,9
263,570263,191.57,8
264,570264,988.53,8
285,570285,148.87,7
284,570284,187.5,7
294,570294,147.93,7
295,570295,98.57,7
363,570363,171.1,8
275,570275,506.99,7
428,110428,579.81,7
612,110612,268.03,5
615,110615,260.54,5
630,110630,310.46,5
614,110614,175.12,5
616,110616,353.21,5
631,110631,332.91,5
694,350694,285.72,4
713,350713,124.82,4
871,350871,55.23,4
879,350879,159.98,4
908,350908,229.45,4
906,350906,60.83,4
880,350880,134.33,4
850,350850,320.76,4
883,350883,170.41,4
881,350881,109,4
894,350894,55.59,4
895,350895,157.39,4
897,350897,164.05,4
1065,351065,28.82,3
1063,351063,28.82,3
1130,351130,107.77,3
1149,351149,81.28,3
1148,351148,107.63,3
1151,351151,25.99,3
1175,351175,43.19,3
1188,351188,37.66,3
1192,351192,83.85,3
1241,351241,152.56,3
1294,351294,270.02,3
1282,351282,78.45,3
1295,351295,154.79,3
1292,351292,170.72,3
1304,351304,169.87,3
1240,351240,203.97,3
1306,351306,220.39,3
1359,351359,1216.02,2
1366,351366,895.18,2
1376,351376,102.21,2
1385,351385,159.92,2
1386,351386,151.55,2
1412,351412,641.64,2
1405,351405,800.25,2
1417,351417,358.7,2
1552,351552,207.62,2
1555,351555,324.95,2
1570,351570,298.7,2
1636,351636,191.47,1
1637,351637,138.5,1
1663,351663,158.1,1
1689,351689,667.05,1
1665,351665,162.27,1
1664,351664,236.19,1
1681,351681,150.35,1
1694,351694,131.07,1
1714,351714,150.12,1
1695,351695,129.92,1
1696,351696,218.27,1
1883,491883,98.85,0
1985,491985,79.23,0
1986,491986,156.24,0
1988,491988,110.65,0
2089,492089,71.41,0
2112,492112,137.04,0
2107,492107,76.02,0
2106,492106,101.88,0
2131,492131,108.73,0
2130,492130,304.42,0
2132,492132,202.99,0
2153,492153,167.86,0
2161,492161,281.91,0
2157,492157,116.22,0
2166,492166,409.81,0
2207,492207,171.19,0
2211,492211,149.64,0
2214,492214,214.63,0
2215,492215,264.01,0
2233,492233,56.79,0
2237,492237,105.63,0
2304,492304,176.75,0
2414,492414,74.55,0
2432,492432,79.13,0
2464,492464,66.48,0
2469,492469,51.08,0
2475,492475,132.76,0
2476,492476,71.24,0
2477,492477,92.31,0
2501,492501,225.77,0
2502,492502,107.92,0
2524,492524,159.06,0
2582,492582,150.58,0
2605,492605,74.64,0
2655,492655,222.52,0
2645,492645,346.82,0
2667,492667,814.42,0
2716,492716,142.89,0
2743,492743,103.36,0
2739,492739,282.96,0
2748,492748,237.64,0
2758,492758,185.9,0
2770,492770,751.49,0
2760,492760,297.43,0
2765,492765,172.51,0
2799,492799,98.53,0
1795,491795,596.92,0
10,30010,1026.17,10
11,30011,978.57,10
18,30018,453.97,10
141,570141,11710.24,9
174,570174,331.12,9
266,570266,961.87,7
426,110426,1085.18,7
507,110507,607.67,6
741,350741,2327.78,4
1032,351032,577.15,3
1033,351033,452.32,3
1625,351625,425.43,2
1811,491811,652.93,0
1812,491812,656.92,0
1840,491840,602.52,0
2670,492670,650.5,0
2674,492674,741.33,0
2836,492836,303.47,0
1914,491914,6836.33,0
2859,492859,16775.42,0
2860,492860,8290.73,0
2869,492869,2528.49,0
1917,491917,484.23,0
1915,491915,2964.23,0
2872,492872,0,0
2117,492117,492.8,0
424,110424,1590.85,7
736,350736,988.51,4
238,570238,349.82,9
402,570402,212.78,8
483,110483,612.99,6
655,350655,486.05,4
1344,351344,946.21,4
1365,351365,814.19,2
2119,492119,1518.04,0
1373,351373,823.74,2
2671,492671,935.75,0
2666,492666,845.96,0
1800,491800,657.78,0
2673,492673,769.99,0
269,570269,1020.03,7
2863,492863,2562.49,0
71,30071,198.15,10
107,30107,205.05,10
132,30132,280.1,10
158,570158,760.9,9
147,570147,577.34,9
156,570156,782.02,9
168,570168,863.48,9
171,570171,893.54,9
193,570193,563.81,9
209,570209,249.46,8
236,570236,320.92,9
252,570252,329.22,9
272,570272,437.7,9
296,570296,198.69,7
347,570347,97.71,8
359,570359,106.44,8
394,570394,232.96,8
271,570271,859.54,7
487,110487,419.42,8
467,110467,642.74,7
521,110521,486.07,6
525,110525,308.42,6
531,110531,191.55,6
533,110533,465.56,6
541,110541,286.55,6
544,110544,860.32,6
547,110547,385.06,6
576,110576,306.39,6
603,110603,517.64,5
609,110609,148.62,5
640,110640,314.72,5
619,110619,396.48,5
622,110622,213.29,5
641,110641,471.57,5
624,110624,293.92,5
652,110652,369.88,5
664,350664,403.7,4
667,350667,554.59,4
659,350659,1009.08,4
677,350677,220.83,4
690,350690,723.69,4
710,350710,177.02,4
878,350878,179.14,4
748,350748,501.46,4
752,350752,189.68,4
757,350757,194,4
763,350763,28.62,4
795,350795,632.95,4
796,350796,651.83,4
802,350802,200.04,4
803,350803,83.39,4
814,350814,268.49,4
821,350821,334.49,4
829,350829,161.06,4
837,350837,153.31,4
862,350862,74.31,4
873,350873,351.64,4
898,350898,381.24,4
919,350919,204.89,4
1036,351036,74.45,3
1028,351028,46.02,3
1135,351135,107.78,3
1244,351244,288.9,3
1264,351264,146.69,3
1296,351296,147.48,3
1334,351334,373.22,3
1657,351657,135.66,1
1342,351342,491.26,4
1413,351413,653.09,2
1415,351415,311.22,2
934,350934,300.88,4
1422,351422,341.83,2
1425,351425,235.33,2
930,350930,171.6,3
1499,351499,241.24,2
1558,351558,203.24,2
1598,351598,332.43,1
1618,351618,239.3,2
1660,351660,220.57,1
1679,351679,171.27,1
1705,351705,131.35,1
1738,351738,157.95,1
1781,351781,992.06,1
1919,491919,354.28,0
2019,492019,243.55,0
2031,492031,122.87,0
2011,492011,341.27,0
2158,492158,217.37,0
2224,492224,120.72,0
2248,492248,227.15,0
2260,492260,122.84,0
2263,492263,107.93,0
2333,492333,162.99,0
2354,492354,84.98,0
2386,492386,144.54,0
2438,492438,783.12,0
2498,492498,107,0
2500,492500,92.04,0
2516,492516,199.22,0
2537,492537,165.73,0
2555,492555,665.14,0
2574,492574,433.93,0
2619,492619,181.32,0
2682,492682,287.7,0
2668,492668,880,0
2702,492702,988.24,0
2722,492722,222.7,0
2728,492728,332.4,0
2753,492753,203.38,0
2824,492824,1008.49,0
2831,492831,189.15,0
2840,492840,242.22,0
2842,492842,256.58,0
2852,492852,1601.61,0
2856,492856,352.06,0
2857,492857,414.48,0
2479,492479,238.35,0
2665,492665,1101.26,0
1936,491936,315.83,0
1935,491935,385.93,0
153,570153,963.34,9
638,110638,285.39,5
688,350688,252.02,4
1629,351629,729.59,2
1824,491824,154.04,0
2150,492150,194.89,0
2059,492059,160.21,0
2653,492653,232.92,0
1103,351103,108.26,3
1569,351569,426.37,2
1635,351635,141.41,1
2057,492057,220.45,0
2151,492151,258.96,0
16,30016,597.25,10
155,570155,2199.28,9
212,570212,358.01,9
509,110509,483.2,6
1030,351030,3616.36,3
1404,351404,1359.86,2
1913,491913,1956.73,0
2854,492854,1953.19,0
1340,351340,610.18,4
1399,351399,639.31,2
15,30015,410.19,10
26,30026,226.71,10
57,30057,238.46,10
93,30093,56.88,10
152,570152,682.56,9
167,570167,735.76,9
233,570233,296.05,9
169,570169,1097.1,9
243,570243,518.55,9
187,570187,730.56,9
239,570239,707.49,9
265,570265,1074.54,7
241,570241,322.85,9
244,570244,260.85,9
304,570304,179.59,9
255,570255,321.15,9
268,570268,876.36,7
270,570270,854.02,7
286,570286,379.91,7
278,570278,258.41,9
281,570281,177.01,7
360,570360,108.6,8
367,570367,71.15,8
386,570386,316.67,8
550,110550,270.15,6
566,110566,657.32,6
663,350663,523.77,4
668,350668,820.56,4
681,350681,618.87,4
689,350689,281.42,4
709,350709,232.6,4
712,350712,251.34,4
729,350729,511.9,4
735,350735,135.81,4
737,350737,1209.3,4
771,350771,444.7,4
797,350797,657.62,4
777,350777,629.31,4
779,350779,378.63,4
813,350813,252.93,4
870,350870,159.06,4
872,350872,161.21,4
940,350940,319.88,4
1161,351161,80.7,3
1324,351324,147.91,3
1331,351331,286.04,3
1336,351336,563.36,3
1339,351339,809.26,4
1347,351347,787.74,4
1390,351390,267.32,2
1427,351427,250.13,2
1435,351435,320.61,4
1439,351439,322.07,2
1440,351440,319.82,2
1444,351444,323.45,2
1447,351447,91.44,3
1505,351505,242.61,2
1500,351500,150.63,2
1551,351551,194.21,2
1511,351511,244.25,2
1561,351561,157.21,2
1550,351550,402.18,2
1601,351601,119.97,1
1614,351614,235.09,2
1680,351680,173.07,1
1723,351723,313.51,1
1736,351736,117.7,1
1739,351739,158.93,1
1742,351742,153.93,1
1753,351753,319.72,1
1775,351775,163.22,1
1776,351776,388.82,1
1916,491916,1876.24,0
1920,491920,562.24,0
1931,491931,495.86,0
1957,491957,166.77,0
1990,491990,293.4,0
2121,492121,551.73,0
2129,492129,292.82,0
2133,492133,458.15,0
2334,492334,129.55,0
2550,492550,805.49,0
2545,492545,560.17,0
2664,492664,2288.32,0
2718,492718,217.39,0
2719,492719,183.7,0
2761,492761,674.65,0
2757,492757,685.63,0
2768,492768,835.23,0
2834,492834,159.42,0
2837,492837,171.71,0
2838,492838,280.61,0
2839,492839,633.44,0
232,570232,854.48,9
429,110429,580.47,7
882,350882,237.76,4
1258,351258,224.81,3
1589,351589,149.97,2
1666,351666,401.34,1
1992,491992,152.77,0
2152,492152,114.53,0
2217,492217,233.17,0
2307,492307,163.96,0
692,350692,348.59,4
697,350697,290.96,4
698,350698,161.32,4
715,350715,454.18,4
460,110460,322.29,7
461,110461,316.91,7
656,350656,701.91,4
657,350657,531.28,4
2696,492696,574.81,0
2697,492697,451.38,0
2695,492695,294.48,0
1354,351354,739.44,2
1355,351355,728.58,2
1362,351362,275.46,2
1363,351363,283.03,2
1361,351361,634.77,2
1368,351368,243.62,2
1369,351369,251.64,2
1370,351370,216.62,2
1414,351414,553.63,2
1419,351419,482.93,2
1789,491789,5524.45,0
1791,491791,788.88,0
1792,491792,509.03,0
1798,491798,1060.96,0
1790,491790,558.83,0
1807,491807,424.69,0
1810,491810,648.57,0
1814,491814,253.74,0
1815,491815,578.96,0
1818,491818,1078.04,0
1816,491816,369.04,0
1819,491819,443.79,0
1820,491820,206.32,0
1802,491802,645.6,0
1826,491826,174.5,0
1827,491827,168.53,0
1829,491829,155.43,0
1830,491830,157.51,0
1832,491832,163.13,0
1833,491833,273.32,0
1835,491835,346.8,0
1837,491837,661.24,0
1838,491838,503.53,0
1843,491843,161.42,0
1844,491844,165.26,0
1845,491845,160.84,0
1846,491846,166.94,0
1847,491847,157.04,0
1848,491848,166.91,0
1849,491849,188.91,0
1851,491851,203.77,0
1852,491852,784.91,0
1854,491854,1148.9,0
1856,491856,1576.89,0
1855,491855,451.33,0
1860,491860,666.1,0
1858,491858,237.79,0
1861,491861,326.25,0
1862,491862,644.42,0
1863,491863,657.99,0
1864,491864,737.26,0
1871,491871,221.56,0
1872,491872,324.25,0
1874,491874,197.46,0
1875,491875,197.67,0
1886,491886,162.34,0
1887,491887,158.33,0
1889,491889,163.64,0
1890,491890,160.96,0
1891,491891,161.83,0
1892,491892,166.48,0
1894,491894,159.46,0
1895,491895,157.59,0
1909,491909,704.58,0
1912,491912,654.09,0
1911,491911,218.29,0
1960,491960,165.17,0
1961,491961,173.21,0
1959,491959,168.2,0
1950,491950,159.85,0
1970,491970,166.08,0
1974,491974,224.71,0
1975,491975,307.2,0
1976,491976,303.26,0
1977,491977,116.36,0
2191,492191,228.89,0
2192,492192,205,0
2195,492195,189.79,0
2199,492199,240.78,0
2228,492228,248.11,0
2229,492229,277.52,0
2543,492543,242.7,0
2544,492544,226.52,0
2552,492552,635.39,0
2554,492554,373.73,0
2627,492627,297.56,0
2628,492628,175.24,0
2630,492630,646.35,0
2631,492631,426.6,0
2646,492646,275.4,0
2647,492647,183.42,0
2648,492648,376.05,0
2651,492651,271.2,0
2677,492677,554.54,0
2678,492678,578.2,0
2675,492675,1009.27,0
2692,492692,1115.9,0
2731,492731,228.28,0
2732,492732,178.5,0
2733,492733,506.25,0
2773,492773,120.02,0
2862,492862,3227.75,0
1804,491804,918.69,0
444,110444,160.58,7
464,110464,160.51,7
1801,491801,226.59,0
1896,491896,194,0
2490,492490,163.53,0
2493,492493,172.52,0
2632,492632,316.82,0
1859,491859,1391.86,0
2103,492103,93.15,0
2099,492099,33.22,0
1418,351418,308.46,2
2021,492021,270.56,0
2022,492022,241.75,0
2634,492634,276.7,0
2676,492676,497.91,0
1825,491825,167.34,0
1377,351377,100.98,2
1375,351375,653.02,2
133,30133,807.36,10
135,30135,398.56,10
1353,351353,730,2
1357,351357,437.74,2
1384,351384,131.02,2
1383,351383,114.85,2
1394,351394,245.22,2
1403,351403,771.01,2
1821,491821,197.14,0
1796,491796,232.26,0
1836,491836,484.85,0
1850,491850,92.99,0
1873,491873,298.97,0
1884,491884,217.73,0
1958,491958,161.27,0
1969,491969,164.81,0
2013,492013,278.14,0
2205,492205,203.17,0
2208,492208,170.5,0
2322,492322,183,0
2323,492323,162.85,0
2326,492326,317.36,0
2626,492626,356.98,0
2693,492693,637.07,0
1,30001,374.61,10
2,30002,638.02,10
4,30004,779.84,10
6,30006,900.97,10
5,30005,395.38,10
7,30007,1615.31,10
8,30008,501.95,10
12,30012,743.4,10
13,30013,203.5,10
14,30014,1254.02,10
19,30019,3139.59,10
20,30020,510.91,10
21,30021,954.92,10
23,30023,79.09,10
24,30024,118.43,10
25,30025,309.31,10
27,30027,152.62,10
17,30017,274.89,10
28,30028,213.13,10
29,30029,239.59,10
30,30030,135.2,10
31,30031,202.26,10
32,30032,207.11,10
35,30035,84.96,10
33,30033,101.66,10
36,30036,108.84,10
37,30037,78.9,10
38,30038,118.12,10
39,30039,257.17,10
40,30040,56.63,10
41,30041,54.37,10
42,30042,64.04,10
45,30045,43.53,10
43,30043,64.21,10
44,30044,42.72,10
46,30046,72.92,10
47,30047,75.01,10
48,30048,31.61,10
49,30049,76.4,10
51,30051,54.17,10
50,30050,31.96,10
52,30052,62.25,10
53,30053,78.65,10
54,30054,45.98,10
55,30055,35.71,10
56,30056,339.17,10
60,30060,195.74,10
58,30058,247.94,10
59,30059,188.87,10
61,30061,230.26,10
62,30062,47.72,10
65,30065,34.64,10
63,30063,45.44,10
66,30066,97.75,10
64,30064,77.58,10
67,30067,88.38,10
68,30068,75.15,10
69,30069,85.38,10
70,30070,346.27,10
72,30072,57.42,10
73,30073,57.77,10
74,30074,56.13,10
75,30075,51.31,10
76,30076,52.47,10
77,30077,40.39,10
78,30078,101.43,10
79,30079,334.15,10
86,30086,109.48,10
80,30080,218.95,10
84,30084,232.51,10
89,30089,58.41,10
91,30091,181.78,10
90,30090,140.58,10
92,30092,111.31,10
88,30088,184.34,10
85,30085,198.23,10
94,30094,47.23,10
95,30095,116.72,10
97,30097,169.14,10
98,30098,107.24,10
109,30109,89.58,10
22,30022,1402.99,10
105,30105,138.83,10
106,30106,174.89,10
111,30111,104.18,10
114,30114,114.85,10
110,30110,107.66,10
112,30112,70.3,10
108,30108,140.88,10
113,30113,225.22,10
115,30115,152.89,10
116,30116,126.74,10
118,30118,172.33,10
122,30122,245.14,10
119,30119,127.41,10
117,30117,61.97,10
120,30120,100.18,10
121,30121,125.11,10
124,30124,409.22,10
123,30123,174.39,10
125,30125,206.88,10
126,30126,289.05,10
127,30127,456.86,10
130,30130,147.59,10
131,30131,950.54,10
9,30009,135.46,10
144,570144,385.75,9
143,570143,2026.24,9
146,570146,376.72,9
149,570149,602.05,9
134,30134,423.29,10
150,570150,675.27,9
145,570145,700.88,9
151,570151,612.06,9
148,570148,445.2,9
159,570159,1063.05,9
163,570163,100.23,9
164,570164,297.88,9
161,570161,474.31,9
165,570165,258.82,9
166,570166,1020.43,9
170,570170,230.24,9
172,570172,400.74,9
176,570176,817.86,9
181,570181,215.84,9
180,570180,171.69,9
182,570182,355.77,9
179,570179,406.61,9
183,570183,716.25,9
184,570184,570.11,9
185,570185,387.38,9
189,570189,191.29,9
191,570191,253.08,9
186,570186,294.3,9
194,570194,426.43,9
197,570197,214.8,9
201,570201,229.42,9
198,570198,502.08,9
204,570204,171.01,9
196,570196,584.07,9
199,570199,276.52,9
207,570207,272.88,8
206,570206,72,9
208,570208,371.3,8
211,570211,466.09,9
213,570213,606.42,9
200,570200,548.96,9
215,570215,692.17,8
216,570216,532.1,8
217,570217,399.53,8
218,570218,198.59,8
219,570219,295.68,8
210,570210,147.91,8
220,570220,269.52,8
222,570222,235.66,8
223,570223,64.48,8
224,570224,140.65,8
225,570225,155.77,8
226,570226,79.33,8
221,570221,234.42,8
227,570227,172.81,8
228,570228,131.43,8
234,570234,453.56,9
235,570235,426.16,9
245,570245,320.04,9
247,570247,298,9
240,570240,322.25,9
250,570250,323.35,9
251,570251,318.02,9
248,570248,320.95,9
254,570254,320.86,9
256,570256,328.84,9
253,570253,316.92,9
257,570257,574.45,9
249,570249,492.13,9
259,570259,320.5,9
261,570261,432.44,8
260,570260,394.5,8
262,570262,110.07,8
276,570276,644.75,9
280,570280,471.02,7
283,570283,117.64,7
287,570287,179.56,7
291,570291,170.67,7
292,570292,207.97,7
293,570293,148.9,7
298,570298,233.47,7
297,570297,160.32,7
302,570302,187.7,7
303,570303,624.92,9
305,570305,121.92,9
306,570306,307.27,8
308,570308,112,8
309,570309,111.92,8
310,570310,91.56,8
229,570229,155.96,8
312,570312,209.11,8
313,570313,115.38,8
314,570314,92.39,8
315,570315,364.75,8
316,570316,113.38,8
318,570318,64.56,8
323,570323,27.14,8
319,570319,55.38,8
322,570322,27.36,8
321,570321,25.41,8
317,570317,283.73,8
320,570320,48.12,8
325,570325,26.62,8
326,570326,27.31,8
324,570324,27.38,8
327,570327,27.12,8
328,570328,27.16,8
329,570329,37.66,8
330,570330,26.8,8
331,570331,27.15,8
332,570332,27.38,8
333,570333,34.14,8
334,570334,27.1,8
335,570335,26.81,8
336,570336,27.58,8
311,570311,117.74,8
337,570337,128.76,8
338,570338,80.04,8
339,570339,80.26,8
340,570340,80.5,8
341,570341,120.48,8
342,570342,106.28,8
343,570343,106.69,8
344,570344,106.92,8
346,570346,228.86,8
348,570348,106.16,8
349,570349,95.28,8
351,570351,80.1,8
350,570350,82.33,8
353,570353,40.6,8
354,570354,80.56,8
355,570355,106.91,8
357,570357,106.16,8
375,570375,222.65,8
361,570361,187.12,8
362,570362,123.49,8
365,570365,61.56,8
366,570366,63.58,8
352,570352,40.44,8
368,570368,71.06,8
369,570369,70.81,8
370,570370,94.64,8
374,570374,92.66,8
377,570377,131.85,8
364,570364,319.19,8
371,570371,152.22,8
378,570378,70.37,8
379,570379,59.28,8
380,570380,92.26,8
372,570372,59.19,8
381,570381,57,8
373,570373,165.72,8
382,570382,157.24,8
376,570376,191.63,8
385,570385,232.19,8
389,570389,98.38,8
392,570392,104.44,8
390,570390,49.78,8
391,570391,85,8
393,570393,147.93,8
395,570395,201.84,8
396,570396,160.16,8
384,570384,113.85,8
397,570397,117.47,8
388,570388,188.3,8
400,570400,161.7,8
387,570387,205.48,8
403,570403,250.34,8
404,570404,298.3,8
405,570405,154.39,8
406,570406,147.77,8
407,570407,133.25,8
410,570410,79.88,8
411,570411,148.49,8
415,570415,394.93,8
413,570413,292.86,8
416,570416,130.92,8
412,570412,635.49,8
417,570417,935.12,8
418,570418,297,8
414,570414,725.5,8
419,570419,330.72,8
425,110425,672.64,7
427,110427,1140.09,7
290,570290,230.62,7
433,110433,206.34,7
289,570289,253.68,7
431,110431,321.62,7
436,110436,323.35,7
437,110437,114.81,7
438,110438,112.78,7
439,110439,161.54,7
440,110440,155.17,7
441,110441,160.79,7
442,110442,160.73,7
435,110435,322.58,7
443,110443,160.83,7
445,110445,164.52,7
301,570301,122.33,7
447,110447,112.52,7
299,570299,176.88,7
448,110448,131.34,7
449,110449,168.79,7
450,110450,167.99,7
451,110451,163.8,7
452,110452,165.98,7
453,110453,163.13,7
446,110446,168.13,7
455,110455,132.16,7
456,110456,151.25,7
454,110454,187.13,7
457,110457,322.31,7
458,110458,321.5,7
459,110459,580.75,7
462,110462,610.77,7
463,110463,161.31,7
466,110466,323.25,7
470,110470,78.15,7
469,110469,189.22,7
474,110474,161.02,7
399,570399,205.14,8
475,110475,314.45,7
478,110478,3818.87,7
476,110476,136.27,7
477,110477,294.37,7
401,570401,689.5,8
526,110526,344.24,7
473,110473,260.91,7
479,110479,395.89,7
481,110481,1339.22,8
482,110482,520.87,8
485,110485,226.08,8
486,110486,112.18,8
488,110488,465.26,6
492,110492,292.23,7
493,110493,318.66,7
491,110491,1941.49,7
494,110494,323.39,7
490,110490,1478.97,7
496,110496,329.14,7
497,110497,291.47,7
498,110498,309.58,7
499,110499,506.89,6
495,110495,246.81,7
500,110500,303.24,6
501,110501,314.93,6
502,110502,319.92,6
503,110503,326.36,6
504,110504,348.46,6
510,110510,377.32,6
511,110511,255.85,6
508,110508,464.87,6
505,110505,373.69,6
513,110513,345.15,6
512,110512,402.33,6
515,110515,286.45,6
506,110506,1757.3,6
516,110516,1139.33,6
514,110514,238.48,6
517,110517,390.87,6
518,110518,271.24,6
522,110522,489.4,6
519,110519,428.92,6
480,110480,1178,7
524,110524,119.99,7
528,110528,451.03,6
529,110529,580.35,6
489,110489,252.9,6
532,110532,374.29,6
534,110534,552.62,6
530,110530,479.74,6
535,110535,680.78,6
527,110527,347.4,6
538,110538,216.06,6
539,110539,207.09,6
540,110540,73.49,6
542,110542,836.78,6
536,110536,371.22,6
543,110543,434.59,6
545,110545,424.82,6
537,110537,361.24,6
546,110546,665.68,6
548,110548,237.48,6
549,110549,256.83,6
551,110551,302.45,6
553,110553,849.31,6
520,110520,421.61,6
554,110554,456.63,6
552,110552,380.93,6
555,110555,438.75,6
523,110523,657.55,6
556,110556,359.85,6
558,110558,361.52,6
557,110557,277.07,6
560,110560,179.99,6
559,110559,353.4,6
561,110561,248.18,6
562,110562,196.52,6
567,110567,509.06,6
563,110563,953.34,6
565,110565,179.19,6
568,110568,498.03,6
570,110570,218.28,6
571,110571,199.39,6
574,110574,187.63,6
572,110572,119.68,6
575,110575,361.88,6
577,110577,539.54,5
578,110578,344.04,6
573,110573,198.33,6
580,110580,209.41,5
582,110582,186.5,5
584,110584,279.4,5
586,110586,122.5,5
581,110581,205.56,5
601,110601,283.58,5
588,110588,405.14,5
589,110589,109.72,5
590,110590,115.93,5
591,110591,109.07,5
592,110592,123.04,5
585,110585,154.97,5
593,110593,128.33,5
594,110594,129.38,5
595,110595,95.96,5
596,110596,98.37,5
597,110597,98.68,5
598,110598,419.58,5
602,110602,246.54,5
604,110604,350.36,5
623,110623,117.44,5
605,110605,236.03,5
608,110608,91.44,5
607,110607,196.4,5
606,110606,196.03,5
611,110611,181.07,5
613,110613,265.52,5
599,110599,440.16,5
617,110617,1530.66,5
618,110618,629.64,5
643,110643,413.14,5
620,110620,170.39,5
626,110626,257.35,5
610,110610,107.45,5
627,110627,278.78,5
629,110629,156.62,5
633,110633,168.61,5
636,110636,295.36,5
635,110635,210.84,5
637,110637,387.02,5
639,110639,371.37,5
621,110621,375.56,5
644,110644,496.9,5
645,110645,334.85,5
647,110647,280.02,5
648,110648,141.22,5
650,110650,631.99,5
634,110634,127.57,5
651,110651,183.68,5
649,110649,109.43,5
653,110653,583.88,5
646,110646,640.9,5
654,110654,915.13,5
661,350661,903.16,4
662,350662,933.04,4
669,350669,833.67,4
658,350658,452.74,4
665,350665,523.19,4
660,350660,302.86,4
666,350666,394.25,4
674,350674,639.5,4
671,350671,1868.95,4
670,350670,1052.38,4
673,350673,610.86,4
675,350675,445.09,4
678,350678,349.42,4
672,350672,333.52,4
679,350679,261.97,4
680,350680,689.16,4
682,350682,327.12,4
686,350686,569.86,4
687,350687,582.49,4
691,350691,211.19,4
695,350695,301.09,4
699,350699,181.41,4
701,350701,218.75,4
696,350696,315.67,4
702,350702,139.11,4
703,350703,237.82,4
683,350683,502.63,4
706,350706,529.72,4
707,350707,220.47,4
708,350708,113.59,4
2249,492249,174.8,0
2253,492253,102.23,0
2254,492254,103.06,0
2255,492255,81.2,0
2256,492256,218.52,0
2257,492257,122.47,0
2258,492258,147.8,0
2251,492251,397.72,0
2259,492259,159.79,0
2505,492505,95.11,0
2504,492504,95.68,0
2508,492508,95.64,0
2509,492509,95.51,0
2506,492506,125.12,0
2510,492510,92.81,0
2507,492507,118.53,0
2511,492511,122.69,0
2512,492512,185.75,0
2694,492694,405.13,0
2704,492704,273.23,0
2699,492699,327.97,0
2701,492701,286.51,0
2700,492700,247.5,0
2698,492698,626.94,0
719,350719,133.53,4
721,350721,208.65,4
720,350720,91.64,4
724,350724,151.79,4
722,350722,255.17,4
725,350725,175.71,4
727,350727,244.97,4
728,350728,719.49,4
731,350731,518.16,4
732,350732,221.51,4
730,350730,101.99,4
733,350733,531.58,4
734,350734,569.44,4
642,110642,258.34,5
738,350738,482.31,4
743,350743,187.02,4
742,350742,2036.96,4
745,350745,702.8,4
744,350744,250.27,4
747,350747,116.85,4
749,350749,123.91,4
759,350759,144.46,4
750,350750,70.56,4
751,350751,192.62,4
753,350753,127.86,4
754,350754,207.01,4
756,350756,110.8,4
758,350758,139.61,4
755,350755,253.44,4
760,350760,178.82,4
761,350761,227.84,4
762,350762,68.77,4
765,350765,175.03,4
766,350766,96.47,4
769,350769,46,4
768,350768,30.45,4
767,350767,43.35,4
770,350770,692.32,4
773,350773,160.86,4
772,350772,966.67,4
774,350774,264.2,4
775,350775,307.27,4
776,350776,418.32,4
778,350778,266.54,4
781,350781,182.98,4
780,350780,599.41,4
782,350782,411.87,4
783,350783,251.87,4
785,350785,198.91,4
787,350787,143.05,4
786,350786,143.23,4
791,350791,130.47,4
788,350788,239,4
792,350792,54.01,4
793,350793,105.72,4
790,350790,178.09,4
801,350801,258.63,4
804,350804,209.22,4
805,350805,127.95,4
806,350806,328.32,4
809,350809,69.41,4
810,350810,102.31,4
794,350794,176.82,4
812,350812,441.14,4
817,350817,408.9,4
818,350818,69.37,4
819,350819,385.9,4
815,350815,136.29,4
820,350820,81.25,4
798,350798,367.98,4
826,350826,150.49,4
822,350822,313.04,4
800,350800,410.37,4
823,350823,154.7,4
816,350816,257.44,4
824,350824,52.56,4
827,350827,86.12,4
825,350825,199.34,4
830,350830,160.67,4
833,350833,131.86,4
832,350832,342.24,4
835,350835,119.57,4
834,350834,61.63,4
831,350831,84.93,4
836,350836,81.85,4
838,350838,391.32,4
839,350839,152.13,4
840,350840,193.74,4
841,350841,174.17,4
842,350842,186.01,3
807,350807,75.9,4
843,350843,355.27,3
844,350844,178.53,3
847,350847,178.23,4
848,350848,143.94,4
849,350849,192.93,4
851,350851,321.31,4
852,350852,322.51,4
853,350853,111.31,4
828,350828,49.85,4
855,350855,160.39,4
856,350856,88.37,4
857,350857,196.32,4
859,350859,86.41,4
860,350860,72.11,4
861,350861,160.54,4
864,350864,82.08,4
863,350863,160.51,4
865,350865,98.49,4
866,350866,96.89,4
867,350867,140.15,4
868,350868,105.23,4
869,350869,66.85,4
874,350874,172.54,4
845,350845,173.29,3
875,350875,333.36,3
846,350846,251.98,3
876,350876,259.49,3
877,350877,211.86,3
858,350858,160.85,4
885,350885,138.29,4
887,350887,172.94,4
888,350888,149.25,4
889,350889,160.77,4
892,350892,157.4,4
891,350891,159.19,4
890,350890,161.12,4
920,350920,184.59,4
893,350893,187.38,4
896,350896,81.16,4
901,350901,303.35,4
903,350903,114.27,3
904,350904,67.18,3
905,350905,88.96,3
907,350907,517.68,4
886,350886,191.65,4
912,350912,478.9,4
914,350914,60.73,4
915,350915,94,4
916,350916,229.11,4
917,350917,92.32,4
918,350918,115.49,4
900,350900,146.68,4
922,350922,322.73,4
923,350923,127.56,4
921,350921,134.42,4
924,350924,96.34,4
925,350925,178.04,4
927,350927,169.62,4
929,350929,328.71,3
884,350884,153.22,4
911,350911,228.54,4
936,350936,226.54,4
939,350939,365.54,4
941,350941,274.33,4
942,350942,142.86,4
943,350943,120.22,4
944,350944,21.58,3
945,350945,40.37,3
947,350947,56.63,3
948,350948,28.81,3
946,350946,35.19,3
949,350949,28.85,3
950,350950,14.57,3
951,350951,14.57,3
952,350952,14.38,3
953,350953,14.4,3
954,350954,28.77,3
955,350955,14.38,3
956,350956,14.4,3
957,350957,14.39,3
958,350958,28.82,3
959,350959,14.4,3
960,350960,14.4,3
961,350961,14.42,3
962,350962,14.4,3
963,350963,14.39,3
964,350964,14.4,3
965,350965,14.57,3
966,350966,29.2,3
968,350968,14.39,3
969,350969,14.42,3
970,350970,14.4,3
967,350967,70.74,3
971,350971,14.41,3
972,350972,14.42,3
973,350973,14.39,3
974,350974,14.4,3
975,350975,14.44,3
976,350976,14.41,3
977,350977,14.41,3
978,350978,14.44,3
979,350979,14.4,3
980,350980,14.39,3
981,350981,14.41,3
982,350982,14.38,3
983,350983,14.38,3
984,350984,14.41,3
985,350985,14.42,3
986,350986,14.4,3
987,350987,14.42,3
988,350988,14.44,3
989,350989,14.42,3
990,350990,14.4,3
991,350991,75.45,3
993,350993,14.43,3
994,350994,14.36,3
995,350995,14.38,3
996,350996,14.39,3
997,350997,14.48,3
998,350998,14.31,3
999,350999,14.41,3
1000,351000,14.4,3
1001,351001,14.42,3
1002,351002,14.42,3
992,350992,82.2,3
1003,351003,14.55,3
1004,351004,14.27,3
1005,351005,14.41,3
1006,351006,14.42,3
1007,351007,14.45,3
1008,351008,14.44,3
1009,351009,29.24,3
1010,351010,28.39,3
1011,351011,28.83,3
1012,351012,28.8,3
1013,351013,28.87,3
1014,351014,28.83,3
1015,351015,14.42,3
1016,351016,14.4,3
1017,351017,14.41,3
1018,351018,14.43,3
1019,351019,14.4,3
1020,351020,14.42,3
1021,351021,14.45,3
1022,351022,14.43,3
1023,351023,28.8,3
1024,351024,28.9,3
1029,351029,484.67,3
740,350740,327.06,4
1034,351034,48.39,3
764,350764,66.04,4
1035,351035,28.6,3
1027,351027,450.59,3
1037,351037,43.19,3
1038,351038,71.75,3
1031,351031,66.78,3
1039,351039,96.84,3
1041,351041,59.28,3
1043,351043,85.27,3
1040,351040,61.47,3
1042,351042,45.74,3
1044,351044,46.97,3
1045,351045,57.17,3
1051,351051,58.95,3
1048,351048,46.85,3
1052,351052,59.09,3
1054,351054,62.75,3
1058,351058,64.17,3
1055,351055,180.87,3
1056,351056,196.88,3
1059,351059,61.61,3
1053,351053,60.51,3
1060,351060,14.38,3
1057,351057,60.27,3
1061,351061,28.78,3
1062,351062,14.38,3
1066,351066,14.38,3
1064,351064,14.4,3
1067,351067,28.78,3
1068,351068,86.53,3
1070,351070,43.29,3
1071,351071,57.64,3
1072,351072,43.99,3
1073,351073,57.05,3
1069,351069,43.32,3
1074,351074,44.13,3
1075,351075,390.49,3
1078,351078,14.39,3
1079,351079,28.76,3
1080,351080,14.37,3
1081,351081,28.8,3
1082,351082,43.24,3
1025,351025,28.8,3
1083,351083,28.77,3
1084,351084,57.55,3
1085,351085,42.58,3
1086,351086,42.83,3
1087,351087,86.52,3
1088,351088,87.61,3
1089,351089,50.82,3
1090,351090,44.25,3
1091,351091,85.23,3
1092,351092,146.97,3
1076,351076,449.16,3
1093,351093,141.84,3
1094,351094,68.42,3
1095,351095,50.34,3
1096,351096,25.3,3
1097,351097,60.07,3
1098,351098,38.7,3
1099,351099,44.05,3
1101,351101,21.44,3
1100,351100,32.75,3
1102,351102,54.09,3
1127,351127,107.33,3
1104,351104,107.97,3
1128,351128,107.39,3
1105,351105,103.19,3
1129,351129,107.76,3
1106,351106,108.23,3
1107,351107,109.19,3
1108,351108,65.38,3
1131,351131,107.62,3
1109,351109,41.6,3
1110,351110,89.61,3
1112,351112,48.1,3
1114,351114,117.2,3
1111,351111,40.95,3
1115,351115,138.39,3
1118,351118,183.29,3
1117,351117,182.51,3
1122,351122,52.79,3
1123,351123,54.52,3
1132,351132,111.73,3
